{
  "rtime": 0.7526037693023682,
  "utime": 0.007656,
  "stime": 0.004109999999999999,
  "cutime": 0.094518,
  "cstime": 0.047564,
  "minor_gb": 0.007244415581226349,
  "promoted_gb": 0.0015850141644477844,
  "major_gb": 0.0016155540943145752,
  "allocated_gb": 0.00727495551109314,
  "minor_collections": 5,
  "major_collections": 0,
  "compactions": 0,
  "top_heap_gb": 0.003662109375,
  "stack_kb": 0.3671875,
  "minor_heap_kb": 8192.0,
  "attributes_table": {
    "num_bindings": 0,
    "num_buckets": 16,
    "max_bucket_length": 0
  }
}